<?xml version="1.0" encoding="UTF-8"?>
<project-private xmlns="http://www.netbeans.org/ns/project-private/1">
    <editor-bookmarks xmlns="http://www.netbeans.org/ns/editor-bookmarks/2" lastBookmarkId="0"/>
    <open-files xmlns="http://www.netbeans.org/ns/projectui-open-files/2">
        <group>
            <file>file:/C:/Users/Mariia/Desktop/Homeworks_3_cource/Android/WhoWantsToBe/src/whowantstobe/MainForm.java</file>
            <file>file:/C:/Users/Mariia/Desktop/Homeworks_3_cource/Android/WhoWantsToBe/src/whowantstobe/BDConnection.java</file>
            <file>file:/C:/Users/Mariia/Desktop/Homeworks_3_cource/Android/WhoWantsToBe/src/whowantstobe/Phone.java</file>
            <file>file:/C:/Users/Mariia/Desktop/Homeworks_3_cource/Android/WhoWantsToBe/src/whowantstobe/WhoWantsToBe.java</file>
            <file>file:/C:/Users/Mariia/Desktop/Homeworks_3_cource/Android/WhoWantsToBe/src/whowantstobe/Question.java</file>
            <file>file:/C:/Users/Mariia/Desktop/Homeworks_3_cource/Android/WhoWantsToBe/src/whowantstobe/AllQuestions.java</file>
        </group>
    </open-files>
</project-private>
